S. No,Name,Link2,Link,Code,happy,sad,surprise,fear,disgust,angry,neutral,,
1,Ambarsariya(Fukrey),https://youtu.be/oMesPehN_Do,https://www.youtube.com/embed/oMesPehN_Do,oMesPehN_Do,1,0,0,0,1,1,1,,
2,O Mere Dil Ke Chain,https://youtu.be/w--g30WTfBs,https://www.youtube.com/embed/w--g30WTfBs,w--g30WTfBs,1,0,0,0,1,1,1,,
3,Sach Keh Rha he Deewana,https://youtu.be/ANbC3o6tnww,https://www.youtube.com/embed/ANbC3o6tnww,ANbC3o6tnww,0,1,0,1,1,0,0,,
4,BAATEIN YE KABHI NA,https://youtu.be/ec_otQSSz0c,https://www.youtube.com/embed/ec_otQSSz0c,ec_otQSSz0c,0,1,0,1,0,0,1,,
5,Bandeya,https://youtu.be/lEh4XWeCIrw,https://www.youtube.com/embed/lEh4XWeCIrw,lEh4XWeCIrw,0,1,0,1,0,0,1,,
6,Dilli Wali Girlfriend,https://youtu.be/yTRNFrUBu58,https://www.youtube.com/embed/yTRNFrUBu58,yTRNFrUBu58,1,0,1,0,0,0,0,,
7,Badtameez Dil,https://youtu.be/II2EO3Nw4m0,https://www.youtube.com/embed/II2EO3Nw4m0,II2EO3Nw4m0,1,0,1,0,0,0,0,,
8,Jee Le Zaraa,https://youtu.be/fhs6wYi4Jr0,https://www.youtube.com/embed/fhs6wYi4Jr0,fhs6wYi4Jr0,1,0,1,0,1,0,0,,
9,Baarish (Half Girlfriend),https://youtu.be/BNfAf4To73c,https://www.youtube.com/embed/BNfAf4To73c,BNfAf4To73c,1,0,0,0,1,1,1,,
10,Woh Lamhe Woh Baatein,https://www.youtube.com/watch?v=KtHRBvNHRyo,https://www.youtube.com/embed/KtHRBvNHRyo,KtHRBvNHRyo,1,0,0,0,1,1,1,,
11,NADAAN PARINDE,https://youtu.be/6MgsHSAcI9k,https://www.youtube.com/embed/6MgsHSAcI9k,6MgsHSAcI9k,1,0,1,0,0,1,0,,
12,Ae Dil Hai Mushkil,https://youtu.be/wx89ZdkwtS8,https://www.youtube.com/embed/wx89ZdkwtS8,wx89ZdkwtS8,1,0,0,0,1,1,1,,
13,Abhi Toh Party Shuru Hui Hai (Khoobsurat),https://www.youtube.com/watch?v=8LZgzAZ2lpQ,https://www.youtube.com/embed/8LZgzAZ2lpQ,8LZgzAZ2lpQ,1,0,1,0,1,0,0,,
14,"The Humma Song (From ""OK Jaanu"")",https://youtu.be/51Oz0l-qR3M,https://www.youtube.com/embed/51Oz0l-qR3M,51Oz0l-qR3M,1,0,1,0,1,0,0,,
15,Chand sifarifs,https://youtu.be/QocxkL3CC40,https://www.youtube.com/embed/QocxkL3CC40,QocxkL3CC40,1,0,0,0,1,1,1,,
16,Tujh Mein Rab Dikhta Hai,https://youtu.be/Pu2hQhDEiiM,https://www.youtube.com/embed/Pu2hQhDEiiM,Pu2hQhDEiiM,1,0,0,0,1,1,1,,
17,ABHI KUCH DINO SE,https://www.youtube.com/watch?v=DEatLVqGuTo,https://www.youtube.com/embed/DEatLVqGuTo,DEatLVqGuTo,1,0,0,0,1,1,1,,
18,MERA MANN KEHNE LAGA,https://www.youtube.com/watch?v=wQDx6L-t-mk,https://www.youtube.com/embed/wQDx6L-t-mk,wQDx6L-t-mk,1,0,0,0,0,1,1,,
19,Phir Se Ud Chala,https://www.youtube.com/watch?v=-3gQ6HIkRys,https://www.youtube.com/embed/-3gQ6HIkRys,-3gQ6HIkRys,1,0,0,0,1,0,1,,
20,Mere Bina,https://www.youtube.com/watch?v=3chj4ooasmE,https://www.youtube.com/embed/3chj4ooasmE,3chj4ooasmE,1,0,0,0,1,1,1,,
21,Bol  Do Na Zara,https://www.youtube.com/watch?v=2Y3Wsdq-MN8,https://www.youtube.com/embed/2Y3Wsdq-MN8,2Y3Wsdq-MN8,1,0,0,0,1,1,1,,
22,Kuch Na Kaho,https://www.youtube.com/watch?v=3A1LgFkIPfA,https://www.youtube.com/embed/3A1LgFkIPfA,3A1LgFkIPfA,1,0,0,0,1,0,1,,
23,Hawayein (Jab Harry Met Sejal),https://www.youtube.com/watch?v=ii9KLQoV78I,https://www.youtube.com/embed/ii9KLQoV78I,ii9KLQoV78I,1,0,0,0,0,1,1,,
24,Paniyon Sa (Satyameva Jayate),https://www.youtube.com/watch?v=hpM7D-d1wXk,https://www.youtube.com/embed/hpM7D-d1wXk,hpM7D-d1wXk,1,0,1,0,0,1,1,,
25,Hangover (Kick),https://www.youtube.com/watch?v=5lKv7kdzBZs,https://www.youtube.com/embed/5lKv7kdzBZs,5lKv7kdzBZs,1,0,1,0,0,1,1,,
26,"Tu Hi Haqeeqat (From ""Tum Mile"") ",https://www.youtube.com/watch?v=wVdswCeVdHU,https://www.youtube.com/embed/wVdswCeVdHU,wVdswCeVdHU,1,0,1,0,1,1,1,,
27,"Judaai (From ""Badlapur) ",https://www.youtube.com/watch?v=urm3N9N-Nu4,https://www.youtube.com/embed/urm3N9N-Nu4,urm3N9N-Nu4,0,1,0,1,0,0,0,,
28,"Shayad (From ""Love Aaj Kal"") ",https://www.youtube.com/watch?v=EQxEms7gnqs,https://www.youtube.com/embed/EQxEms7gnqs,EQxEms7gnqs,1,0,1,0,1,0,1,,
29,ITNI SI BAAT HAIN,https://www.youtube.com/watch?v=MzKvcV0Re7U,https://www.youtube.com/embed/MzKvcV0Re7U,MzKvcV0Re7U,1,0,0,0,1,1,1,,
30,Tenu Na Bol Pawaan ,https://www.youtube.com/watch?v=Pz8Q61LAmeE,https://www.youtube.com/embed/Pz8Q61LAmeE,Pz8Q61LAmeE,1,0,0,0,1,0,1,,
31,Ranjha ,https://www.youtube.com/watch?v=H2U6Ce5e8MQ,https://www.youtube.com/embed/H2U6Ce5e8MQ,H2U6Ce5e8MQ,1,0,1,0,0,0,1,,
32,Humdard ,https://www.youtube.com/watch?v=st1gBSePIfg,https://www.youtube.com/embed/st1gBSePIfg,st1gBSePIfg,0,1,0,1,1,0,0,,
33,AAPKA KYA HOGA (DHANNO) ,https://www.youtube.com/watch?v=cSoSas9o2oE,https://www.youtube.com/embed/cSoSas9o2oE,cSoSas9o2oE,1,0,1,0,1,0,0,,
34,HAR KISI KO (Boss),https://www.youtube.com/watch?v=DTOshzP5BEQ,https://www.youtube.com/embed/DTOshzP5BEQ,DTOshzP5BEQ,1,0,1,0,1,0,1,,
35,"Humnava (From ""Hamari Adhuri Kahani"") ",https://www.youtube.com/watch?v=CsQqGDpo8Hg,https://www.youtube.com/embed/CsQqGDpo8Hg,CsQqGDpo8Hg,1,0,0,0,1,1,1,,
36,SOCH NA SAKE (Airlift),https://www.youtube.com/watch?v=hp02FwlpQYU,https://www.youtube.com/embed/hp02FwlpQYU,hp02FwlpQYU,1,0,0,0,1,1,1,,
37,MAST MAGAN ,https://www.youtube.com/watch?v=InD68CDGT9Q,https://www.youtube.com/embed/InD68CDGT9Q,InD68CDGT9Q,1,0,0,0,1,1,1,,
38,Tujhe Bhula Diya ,https://www.youtube.com/watch?v=o-9VdyXZKsQ,https://www.youtube.com/embed/o-9VdyXZKsQ,o-9VdyXZKsQ,0,1,0,1,1,0,0,,
39,Tera Hone Laga Hoon ,https://www.youtube.com/watch?v=oeYgD5w3NQo,https://www.youtube.com/embed/oeYgD5w3NQo,oeYgD5w3NQo,1,0,0,0,0,1,1,,
40,Jogi ,https://www.youtube.com/watch?v=D78UzqpxIQU,https://www.youtube.com/embed/D78UzqpxIQU,D78UzqpxIQU,1,0,0,0,0,1,1,,
41,Thoda Thoda Pyaar ,https://www.youtube.com/watch?v=NoucUuveKJ8,https://www.youtube.com/embed/NoucUuveKJ8,NoucUuveKJ8,1,0,1,0,1,1,1,,
42,"Enna Sona (From ""OK Jaanu"") ",https://www.youtube.com/watch?v=8dlTXzaP_8Q,https://www.youtube.com/embed/8dlTXzaP_8Q,8dlTXzaP_8Q,1,0,1,0,0,1,1,,
43,Main Dhoondne Ko Zamaane Mein ,https://www.youtube.com/watch?v=FQyKzz3NFcc,https://www.youtube.com/embed/FQyKzz3NFcc,FQyKzz3NFcc,0,1,0,1,0,0,0,,
44,Naino Ne Baandhi ,https://www.youtube.com/watch?v=hsxufO5sIQs,https://www.youtube.com/embed/hsxufO5sIQs,hsxufO5sIQs,1,0,0,0,0,1,1,,
45,AAJ DIN CHADHEYA | Love Aaj Kal | ,https://www.youtube.com/watch?v=YSWMbwQuWAY,https://www.youtube.com/embed/YSWMbwQuWAY,YSWMbwQuWAY,1,0,1,0,1,1,1,,
46,Jaan 'Nisaar (Arijit) ,https://www.youtube.com/watch?v=3HlzLiCL9Xs,https://www.youtube.com/embed/3HlzLiCL9Xs,3HlzLiCL9Xs,1,0,0,0,1,1,1,,
47,Tera Chehra | Sanam Teri Kasam ,https://www.youtube.com/watch?v=o6MPAXnCm4o,https://www.youtube.com/embed/o6MPAXnCm4o,o6MPAXnCm4o,1,0,0,0,1,1,1,,
48,Jaan Ban Gaye ,https://www.youtube.com/watch?v=82P9aa28DoE,https://www.youtube.com/embed/82P9aa28DoE,82P9aa28DoE,1,0,0,0,0,1,1,,
49,Bakhuda Tumhi Ho | Atif Aslam | Alka Yagnik | Kismat Konnection | 2009 ,https://www.youtube.com/watch?v=MA2XFam0d3A,https://www.youtube.com/embed/MA2XFam0d3A,MA2XFam0d3A,1,0,1,0,1,1,1,,
50,"Surili Akhiyon Wale (From ""Veer"") ",https://www.youtube.com/watch?v=cNBDBalwWKY,https://www.youtube.com/embed/cNBDBalwWKY,cNBDBalwWKY,1,0,0,0,1,1,1,,
51,Tune Jo Na Kaha ,https://www.youtube.com/watch?v=01HR1uP4kic,https://www.youtube.com/embed/01HR1uP4kic,01HR1uP4kic,0,1,0,1,0,1,1,,
52,Lag Jaa Gale (Acoustic) | Sanam ,https://www.youtube.com/watch?v=HnLtNrvfZTU,https://www.youtube.com/embed/HnLtNrvfZTU,HnLtNrvfZTU,1,0,1,0,1,1,1,,
53,Mera Pyar Tera Pyar ,https://www.youtube.com/watch?v=ylCOa4mdIvE,https://www.youtube.com/embed/ylCOa4mdIvE,ylCOa4mdIvE,1,0,0,0,0,1,1,,
54,"Tere Bin (From ""Simmba"") ",https://www.youtube.com/watch?v=P84DXiycs9c,https://www.youtube.com/embed/P84DXiycs9c,P84DXiycs9c,1,0,1,0,1,1,1,,
55,WAJAH TUM HO ,https://www.youtube.com/watch?v=UF9kvy51_F0,https://www.youtube.com/embed/UF9kvy51_F0,UF9kvy51_F0,1,0,1,0,0,0,1,,
56,BANJAARA ,https://www.youtube.com/watch?v=_eZnQzneuKs,https://www.youtube.com/embed/_eZnQzneuKs,_eZnQzneuKs,1,1,0,1,0,0,1,,
57,"Raataan Lambiyan (From ""Shershaah"") ",https://www.youtube.com/watch?v=Dm6YRJHy64c,https://www.youtube.com/embed/Dm6YRJHy64c,Dm6YRJHy64c,1,0,1,0,1,1,1,,
58,Pani Da Rang | Full Song With Lyrics | Vicky Donor | Ayushmann Khurrana & Yami Gautam ,https://www.youtube.com/watch?v=2kgEc6oH9J0,https://www.youtube.com/embed/2kgEc6oH9J0,2kgEc6oH9J0,1,0,1,0,1,1,1,,
59,TERE MAST MAST DO NAIN ,https://www.youtube.com/watch?v=Mz2yP0A3t4o,https://www.youtube.com/embed/Mz2yP0A3t4o,Mz2yP0A3t4o,1,0,1,0,0,0,0,,
60,Tum Se Hi,https://www.youtube.com/watch?v=I94fhjQ-U30,https://www.youtube.com/embed/I94fhjQ-U30,I94fhjQ-U30,1,0,1,0,1,1,1,,
61,Kuch Is Tarah,https://www.youtube.com/watch?v=E74V-X9AtAg,https://www.youtube.com/embed/E74V-X9AtAg,E74V-X9AtAg,1,0,0,0,0,1,1,,
62,"Falak Tak | Tashan | Akshay Kumar, Kareena Kapoor, Udit Narayan, Mahalaxmi Iyer, Vishal-Shekhar ",https://www.youtube.com/watch?v=vr8RaNuWjWc,https://www.youtube.com/embed/vr8RaNuWjWc,vr8RaNuWjWc,1,0,1,0,0,1,1,,
63,YE TUNE KYA KIYA ,https://www.youtube.com/watch?v=jcAn44985E0,https://www.youtube.com/embed/jcAn44985E0,jcAn44985E0,1,0,1,0,1,0,0,,
64,MEHERBANI | The Shaukeens | Akshay Kumar | Arko | Jubin ,https://www.youtube.com/watch?v=kDgBQFbwX2Y,https://www.youtube.com/embed/kDgBQFbwX2Y,kDgBQFbwX2Y,1,0,0,0,0,1,1,,
65,Main Koi Aisa Geet Gaoon ,https://www.youtube.com/watch?v=vDCnew2uhT4,https://www.youtube.com/embed/vDCnew2uhT4,vDCnew2uhT4,1,0,1,0,1,1,1,,
66,Main Rang Sharbaton Ka ,https://www.youtube.com/watch?v=cE4atI_v-Z0,https://www.youtube.com/embed/cE4atI_v-Z0,cE4atI_v-Z0,1,0,1,0,0,1,1,,
67,"Moh Moh Ke Dhaage | Lyrical Song | Dum Laga Ke Haisha | Ayushmann, Bhumi | Monali | Anu Malik, Varun ",https://www.youtube.com/watch?v=JbDktrsnH40,https://www.youtube.com/embed/JbDktrsnH40,JbDktrsnH40,1,0,0,0,1,1,1,,
68,"Jashn-E-Bahaaraa (From ""Jodhaa Akbar"") ",https://www.youtube.com/watch?v=tlZO7G-D0mg,https://www.youtube.com/embed/tlZO7G-D0mg,tlZO7G-D0mg,1,0,1,0,1,0,0,,
69,Yeh Raaten Yeh Mausam | Sanam ft. Simran Sehgal ,https://www.youtube.com/watch?v=4HRC6c5-2lQ,https://www.youtube.com/embed/4HRC6c5-2lQ,4HRC6c5-2lQ,1,0,0,0,0,1,1,,
70,Chaar Kadam' | PK | Sushant Singh Rajput | Anushka Sharma | T-series ,https://www.youtube.com/watch?v=WKbwopSXLWU,https://www.youtube.com/embed/WKbwopSXLWU,WKbwopSXLWU,1,0,1,0,1,0,1,,
71,Jeena Jeena,https://www.youtube.com/watch?v=rF6P-qgd3Po,https://www.youtube.com/embed/rF6P-qgd3Po,rF6P-qgd3Po,0,1,0,1,1,0,0,,
72,Jadu Hai Nasha Hai ,https://www.youtube.com/watch?v=Iwa0Z9roM7g,https://www.youtube.com/embed/Iwa0Z9roM7g,Iwa0Z9roM7g,1,0,1,0,1,0,1,,
73,Ishq Bulaava ,https://www.youtube.com/watch?v=ZCRL8V0ZkEA,https://www.youtube.com/embed/ZCRL8V0ZkEA,ZCRL8V0ZkEA,1,0,1,0,0,0,1,,
74,Rabba Mehar Kari | Darshan Raval | Youngveer | Aditya D | Tru Makers | Indie Music ,https://www.youtube.com/watch?v=7zEx0AJguSM,https://www.youtube.com/embed/7zEx0AJguSM,7zEx0AJguSM,1,0,1,0,1,0,0,,
75,Namo Namo - Lyrical | Kedarnath | Sushant Rajput | Sara Ali Khan | Amit Trivedi | Amitabh B ,https://www.youtube.com/watch?v=dx4Teh-nv3A,https://www.youtube.com/embed/dx4Teh-nv3A,dx4Teh-nv3A,1,0,1,0,0,1,1,,
76,Uska Hi Banana ,https://www.youtube.com/watch?v=hmsebjbRb1k,https://www.youtube.com/embed/hmsebjbRb1k,hmsebjbRb1k,1,1,1,1,0,0,0,,
77,Dil Kyun Yeh Mera Shor Kare (Kites),https://www.youtube.com/watch?v=P6X9x3jE_bM,https://www.youtube.com/embed/P6X9x3jE_bM,P6X9x3jE_bM,1,0,0,0,0,1,1,,
78,Jab Se Tere naina,https://www.youtube.com/watch?v=bfUhkXFNIig,https://www.youtube.com/embed/bfUhkXFNIig,bfUhkXFNIig,1,0,1,0,1,1,1,,
79,Zindagi Kuch Toh Bata (Reprise) Full Song with LYRICS Pritam | Salman Khan | Bajrangi Bhaijaan ,https://www.youtube.com/watch?v=ITyHqStTDeg,https://www.youtube.com/embed/ITyHqStTDeg,ITyHqStTDeg,1,0,1,0,1,1,1,,
80,Ek Pyar Ka Nagma | Sanam ,https://www.youtube.com/watch?v=eVv8rcMEMuM,https://www.youtube.com/embed/eVv8rcMEMuM,eVv8rcMEMuM,1,0,0,0,0,1,1,,
81,"Tu Na Jaane Aas Paas Hai Khuda Full HD Song | Anjaana Anjaani | Priyanka Chopra, Ranbir Kapoor ",https://www.youtube.com/watch?v=jAUSF4_ygJg,https://www.youtube.com/embed/jAUSF4_ygJg,jAUSF4_ygJg,1,0,0,1,1,0,0,,
82,"I love you (Full song) Bodyguard feat. Salman khan, Kareena Kapoor ",https://www.youtube.com/watch?v=0JLRExeOH-k,https://www.youtube.com/embed/0JLRExeOH-k,0JLRExeOH-k,1,0,0,0,0,1,1,,
83,"Aaoge Jab Tum | Jab We Met | Kareena Kapoor, Shahid Kapoor | Ustad Rashid Khan ",https://www.youtube.com/watch?v=CNZMIhckaA0,https://www.youtube.com/embed/CNZMIhckaA0,CNZMIhckaA0,0,1,0,1,1,0,1,,
84,"Roke Na Ruke Naina Lyrical Video | Arijit Singh | Varun, Alia | Amaal Mallik""Badrinath Ki Dulhania"" ",https://www.youtube.com/watch?v=HyLCgkQtluw,https://www.youtube.com/embed/HyLCgkQtluw,HyLCgkQtluw,0,1,1,1,0,0,0,,
85,"Mar Jaayen  | Loveshhuda | Girish, Navneet | Atif, Mithoon ",https://www.youtube.com/watch?v=fVZuAgPJuW4,https://www.youtube.com/embed/fVZuAgPJuW4,fVZuAgPJuW4,1,0,0,0,1,0,1,,
86,"Dil Meri Na Sune Lyrical - Genius | Utkarsh, Ishita | Atif Aslam | Himesh Reshammiya | Manoj ",https://www.youtube.com/watch?v=YZLKoG_vhDY,https://www.youtube.com/embed/YZLKoG_vhDY,YZLKoG_vhDY,1,0,0,0,0,1,1,,
87,"Tujhe Kitna Chahne Lage (From ""Kabir Singh"") ",https://www.youtube.com/watch?v=Pm0Ga7R-vrM,https://www.youtube.com/embed/Pm0Ga7R-vrM,Pm0Ga7R-vrM,1,0,1,0,0,0,1,,
88,Kaise Mujhe Tum Mil Gayi GHAJINI - 2008 - Bollywood - AR Rahman Sir - Aamir Khan & Asin ,https://www.youtube.com/watch?v=KAORKKOmMgQ,https://www.youtube.com/embed/KAORKKOmMgQ,KAORKKOmMgQ,1,0,0,0,0,1,1,,
89,"Tum Jo Aaye | Once Upon A Time In Mumbai | Ajay Devgn,Rahat Fateh Ali Khan | Feel The Lyrics ",https://www.youtube.com/watch?v=e0-kjq-tEds,https://www.youtube.com/embed/e0-kjq-tEds,e0-kjq-tEds,1,0,0,0,0,1,1,,
90,"Lut Gaye (Full Song) Emraan Hashmi, Yukti | Jubin N, Tanishk B, Manoj M | Bhushan K | Radhika-Vinay ",https://www.youtube.com/watch?v=sCbbMZ-q4-I,https://www.youtube.com/embed/sCbbMZ-q4-I,sCbbMZ-q4-I,1,1,1,1,0,1,1,,
91,KAUN TUJHE Lyrical | M.S. DHONI -THE UNTOLD STORY | Amaal Mallik Palak | Sushant Singh Disha Patani ,https://www.youtube.com/watch?v=Ov0YGGSY6gY,https://www.youtube.com/embed/Ov0YGGSY6gY,Ov0YGGSY6gY,1,0,1,0,1,1,1,,
92,"Tera Fitoor Lyrical - Genius | Utkarsh Sharma, Ishita Chauhan | Arijit Singh | Himesh Reshammiya ",https://www.youtube.com/watch?v=qfdShSZZxlg,https://www.youtube.com/embed/qfdShSZZxlg,qfdShSZZxlg,1,0,0,0,0,1,1,,
93,"Sunn Raha Hai Na Tu Aashiqui 2 Full Song With Lyrics | Aditya Roy Kapur, Shraddha Kapoor ",https://www.youtube.com/watch?v=z3UHfi9vpbc,https://www.youtube.com/embed/z3UHfi9vpbc,z3UHfi9vpbc,0,1,0,1,1,0,0,,
94,Muskurane (Romantic) ,https://www.youtube.com/watch?v=8MUgi5liyMU,https://www.youtube.com/embed/8MUgi5liyMU,8MUgi5liyMU,1,0,1,0,1,0,1,,
95,"LO MAAN LIYA Full Video Song | Raaz Reboot | Arijit Singh|Emraan Hashmi,Kriti Kharbanda,Gaurav Arora ",https://www.youtube.com/watch?v=KSGYVl4ZgRs,https://www.youtube.com/embed/KSGYVl4ZgRs,KSGYVl4ZgRs,1,0,1,0,0,0,1,,
96,Tere Sang Yaara - Full Video | Rustom | Akshay Kumar & Ileana D'cruz | Arko ft. Atif Aslam | Manoj M ,https://www.youtube.com/watch?v=gIOea2pgfIo,https://www.youtube.com/embed/gIOea2pgfIo,gIOea2pgfIo,1,0,1,0,0,1,1,,
97, Galliyan Song | Ek Villain | Ankit Tiwari | Sidharth Malhotra | Shraddha Kapoor ,https://www.youtube.com/watch?v=FxAG_11PzCk,https://www.youtube.com/embed/FxAG_11PzCk,FxAG_11PzCk,1,0,1,0,0,0,1,,
98,"Bekhayali Full Song | Kabir Singh | Shahid K,Kiara A|Sandeep Reddy Vanga | Sachet-Parampara | Irshad ",https://www.youtube.com/watch?v=VOLKJJvfAbg,https://www.youtube.com/embed/VOLKJJvfAbg,VOLKJJvfAbg,1,0,1,0,0,0,1,,
99,"Challa | Full Song | Jab Tak Hai Jaan | Shah Rukh Khan, Katrina Kaif | Rabbi | A. R. Rahman | Gulzar ",https://www.youtube.com/watch?v=1GWyCJHuNms,https://www.youtube.com/embed/1GWyCJHuNms,1GWyCJHuNms,1,0,1,0,1,1,1,,
100,"Tum Hi Aana Full Video | Marjaavaan | Riteish D, Sidharth M, Tara S | Jubin N | Payal Dev Kunaal V ",https://www.youtube.com/watch?v=RemShT6JAHw,https://www.youtube.com/embed/RemShT6JAHw,RemShT6JAHw,1,0,0,0,0,0,1,,
101,"Nazm Nazm - Lyrical | Bareilly Ki Barfi | Kriti Sanon, Ayushmann Khurrana & Rajkummar Rao | Arko ",https://www.youtube.com/watch?v=DK_UsATwoxI,https://www.youtube.com/embed/DK_UsATwoxI,DK_UsATwoxI,1,0,0,0,0,1,1,,
102,Pal,https://www.youtube.com/watch?v=6PL39H2B7UQ,https://www.youtube.com/embed/6PL39H2B7UQ,6PL39H2B7UQ,1,0,0,1,0,0,1,,
103,Ankh Hai Bhari Bhari (Male Version) ,https://www.youtube.com/watch?v=kq0BmZ9xJps,https://www.youtube.com/embed/kq0BmZ9xJps,kq0BmZ9xJps,0,1,0,1,1,0,0,,
104,"Phir Bhi Tumko Chaahunga - Full Song | Arijit Singh | Arjun K & Shraddha K | Mithoon , Manoj M ",https://www.youtube.com/watch?v=_iktURk0X-A,https://www.youtube.com/embed/_iktURk0X-A,_iktURk0X-A,0,1,0,1,0,0,0,,
105,O Saathi | Baaghi 2 ,https://www.youtube.com/watch?v=YuXLN23ZGQo,https://www.youtube.com/embed/YuXLN23ZGQo,YuXLN23ZGQo,1,0,0,0,0,1,1,,
106,Zaalima| Raees ,https://www.youtube.com/watch?v=0nVXsjF34BA,https://www.youtube.com/embed/0nVXsjF34BA,0nVXsjF34BA,1,0,1,0,0,0,1,,
107,"Dil Diyan Gallan Song | Tiger Zinda Hai | Salman Khan, Katrina Kaif | Atif Aslam | Vishal & Shekhar ",https://www.youtube.com/watch?v=SAcpESN_Fk4,https://www.youtube.com/embed/SAcpESN_Fk4,SAcpESN_Fk4,1,0,0,0,1,1,1,,
108,Teri Mitti - Lyrical | Kesari | Akshay Kumar & Parineeti Chopra | Arko | B Praak| Manoj Muntashir ,https://www.youtube.com/watch?v=tionpZAVPd4,https://www.youtube.com/embed/tionpZAVPd4,tionpZAVPd4,1,0,0,1,0,0,1,,
109,"Lo Safar (From ""Baaghi 2"") ",https://www.youtube.com/watch?v=bFgIPzC68Mk,https://www.youtube.com/embed/bFgIPzC68Mk,bFgIPzC68Mk,1,0,1,0,0,0,1,,
110,Yeh Haseen Vadiyan | Roja | A.R. Rahman ,https://www.youtube.com/watch?v=z-vcE-UTc-0,https://www.youtube.com/embed/z-vcE-UTc-0,z-vcE-UTc-0,1,0,0,1,0,1,1,,
111,"Duniyaa (From ""Luka Chuppi"") ",https://www.youtube.com/watch?v=h3EuilWNquo,https://www.youtube.com/embed/h3EuilWNquo,h3EuilWNquo,1,0,1,0,0,0,1,,
112,"Sanu Ek Pal (From ""Raid"") ",https://www.youtube.com/watch?v=8HRLn62jWr8,https://www.youtube.com/embed/8HRLn62jWr8,8HRLn62jWr8,1,0,1,0,1,1,1,,
113,Mere Samne Wali Khidki Mein | Ashish Patil | Padosan | Kishore Kumar | Cover | 2018 HD ,https://www.youtube.com/watch?v=GtQstf_sGr4,https://www.youtube.com/embed/GtQstf_sGr4,GtQstf_sGr4,1,1,1,1,1,1,1,,
114,Gulabi Aankhen | Sanam ,https://www.youtube.com/watch?v=hgi2MYAFgE8,https://www.youtube.com/embed/hgi2MYAFgE8,hgi2MYAFgE8,1,0,1,0,1,0,1,,
115,Srivalli ,https://www.youtube.com/watch?v=iks48tNYy6o,https://www.youtube.com/embed/iks48tNYy6o,iks48tNYy6o,1,0,1,0,1,0,1,,
116,"SAB TERA Full Song (Audio) | BAAGHI | Tiger Shroff, Shraddha Kapoor | Armaan Malik | Amaal Mallik ",https://www.youtube.com/watch?v=sZfnwayum2M,https://www.youtube.com/embed/sZfnwayum2M,sZfnwayum2M,1,0,0,0,0,1,1,,
117,Bhaag Milkha Bhaag Rock Version audio song ,https://www.youtube.com/watch?v=AShsrX8qvpI,https://www.youtube.com/embed/AShsrX8qvpI,AShsrX8qvpI,1,0,1,0,0,0,1,,
118,"Mitwa Full Video - KANK|Shahrukh Khan,Rani Mukherjee|Shafqat Amanat Ali|Shankar Mahadevan ",https://www.youtube.com/watch?v=ru_5PA8cwkE,https://www.youtube.com/embed/ru_5PA8cwkE,ru_5PA8cwkE,1,0,1,1,1,0,1,,
119,"Tu Banja Gali Benaras Ki | Asees Kaur | Shaadi Mein Zaroor Aana | Rajkummar Rao, Kriti Kharbanda ",https://www.youtube.com/watch?v=pgc3J2hBBEU,https://www.youtube.com/embed/pgc3J2hBBEU,pgc3J2hBBEU,1,0,0,0,0,1,1,,
120,Befikra,https://www.youtube.com/watch?v=VjHv1aXn2F0,https://www.youtube.com/embed/VjHv1aXn2F0,VjHv1aXn2F0,1,0,1,0,1,0,1,,
121,"Tu Mohabbat Hai Lyrical - Tere Naal Love Ho Gaya | Atif Aslam, Monali, Priya | Riteish, Genelia ",https://www.youtube.com/watch?v=mc0eVgtuxd0,https://www.youtube.com/embed/mc0eVgtuxd0,mc0eVgtuxd0,1,0,0,0,1,1,1,,
122,"Bol Na Halke Halke (AUDIO) - Jhoom Barabar Jhoom | Abhishek, Preity | Shankar-Ehsaan-Loy, Gulzar ",https://www.youtube.com/watch?v=VVKV9nCAtNA,https://www.youtube.com/embed/VVKV9nCAtNA,VVKV9nCAtNA,1,0,1,0,1,1,1,,
123,Sapna Jahan - Lyric Video | Brothers | Akshay Kumar | Jacqueline Fernandez ,https://www.youtube.com/watch?v=Uvj827SqHak,https://www.youtube.com/embed/Uvj827SqHak,Uvj827SqHak,1,0,0,1,1,0,1,,
124,Main Rahoon Ya Na Rahoon,https://www.youtube.com/watch?v=Dp6lbdoprZ0,https://www.youtube.com/embed/Dp6lbdoprZ0,Dp6lbdoprZ0,1,0,0,0,1,0,1,,
125,Tera Zikr - Darshan Raval | Official Video - Latest New Hit Song ,https://www.youtube.com/watch?v=eK0IIyBlYew,https://www.youtube.com/embed/eK0IIyBlYew,eK0IIyBlYew,0,1,0,1,1,0,0,,
126,"SANAM RE Title Song FULL VIDEO | Pulkit Samrat, Yami Gautam, Urvashi Rautela | Divya Khosla Kumar ",https://www.youtube.com/watch?v=DS-raAyMxl4,https://www.youtube.com/embed/DS-raAyMxl4,DS-raAyMxl4,1,0,0,0,0,1,1,,
127,Tere Bina Zindagi Se | Sanam ,https://www.youtube.com/watch?v=OsXUsTZRpZA,https://www.youtube.com/embed/OsXUsTZRpZA,OsXUsTZRpZA,0,1,0,1,1,0,0,,
128,"Dil Mein Ho Tum| WHY CHEAT INDIA | Emraan H, Shreya D|Rochak K, Armaan M, Bappi L, Manoj M ",https://www.youtube.com/watch?v=byitAI7kkOM,https://www.youtube.com/embed/byitAI7kkOM,byitAI7kkOM,1,0,1,0,0,1,1,,
129,"Bhula Dena (Aashiqui 2) | Aditya Roy Kapur, Shraddha Kapoor ",https://www.youtube.com/watch?v=g8LEktKv9hs,https://www.youtube.com/embed/g8LEktKv9hs,g8LEktKv9hs,0,1,0,1,1,0,0,,
130,TOSE NAINA,https://www.youtube.com/watch?v=qq1LxHVnti4,https://www.youtube.com/embed/qq1LxHVnti4,qq1LxHVnti4,1,0,1,0,1,0,1,,
131,Qaafirana ,https://www.youtube.com/watch?v=Kf781IbMQXk,https://www.youtube.com/embed/Kf781IbMQXk,Kf781IbMQXk,1,0,1,0,0,1,1,,
132,MITTI DI KHUSHBOO,https://www.youtube.com/watch?v=UMRAhxxBO-E,https://www.youtube.com/embed/UMRAhxxBO-E,UMRAhxxBO-E,1,0,0,0,1,1,1,,
133,Chal Wahan Jaate Hain ,https://www.youtube.com/watch?v=HjKSkhqK4WE,https://www.youtube.com/embed/HjKSkhqK4WE,HjKSkhqK4WE,1,0,1,0,1,0,1,,
134,Toh Phir Aao (Sad) | Mustafa Zahid | Awarapan | Emraan Hashmi | Full Audio Song ,https://www.youtube.com/watch?v=J-ciGRKON18,https://www.youtube.com/embed/J-ciGRKON18,J-ciGRKON18,0,1,0,1,0,0,1,,
135,Dil Tod Ke ,https://www.youtube.com/watch?v=SSlfGCT-2Q0,https://www.youtube.com/embed/SSlfGCT-2Q0,SSlfGCT-2Q0,0,1,0,1,0,0,1,,
136,Give Me Some Sunshine - 3 Idiots,https://www.youtube.com/watch?v=lbCRtrrMvSw,https://www.youtube.com/embed/lbCRtrrMvSw,lbCRtrrMvSw,1,0,1,1,1,0,1,,
137,Maston Ka Jhund Full Video - Bhaag Milkha Bhaag|Farhan Akhtar|Divya Kumar|Prasoon Joshi ,https://www.youtube.com/watch?v=yWeVII7qF3A,https://www.youtube.com/embed/yWeVII7qF3A,yWeVII7qF3A,1,0,1,1,0,0,1,,
138,"Kar Har Maidaan Fateh (From ""Sanju"") ",https://www.youtube.com/watch?v=TDF_KVcC4Qg,https://www.youtube.com/embed/TDF_KVcC4Qg,TDF_KVcC4Qg,1,0,1,0,1,0,0,,
139,Aabaad Barbaad,https://www.youtube.com/watch?v=N0ngg3KnFVs,https://www.youtube.com/embed/N0ngg3KnFVs,N0ngg3KnFVs,1,0,0,0,1,1,1,,
140,Tera Yaar Hoon Main ,https://www.youtube.com/watch?v=Jkj8c3kvpBo,https://www.youtube.com/embed/Jkj8c3kvpBo,Jkj8c3kvpBo,1,0,0,0,1,1,1,,
141,Makhna ,https://www.youtube.com/watch?v=U13aOFC9Oic,https://www.youtube.com/embed/U13aOFC9Oic,U13aOFC9Oic,1,0,1,0,0,0,1,,
142,"Bewafa Tera Muskurana Song | Meet Bros Ft. Jubin Nautiyal |Himansh K,Akanksha P|Rashmi V Bhushan K ",https://www.youtube.com/watch?v=-JEPg3gsiII,https://www.youtube.com/embed/-JEPg3gsiII,#NAME?,0,1,1,1,0,0,0,,
143,Lat Lag Gayee ,https://www.youtube.com/watch?v=H9pv_BZ2PGA,https://www.youtube.com/embed/H9pv_BZ2PGA,H9pv_BZ2PGA,1,0,1,0,0,0,1,,
144,"Kaise Hua (From ""Kabir Singh"")",https://www.youtube.com/watch?v=WKv07mnKVEE,https://www.youtube.com/embed/WKv07mnKVEE,WKv07mnKVEE,1,0,1,0,1,0,1,,
145,Bakhuda Tumhi Ho | Atif Aslam & Alka Yagnik | Pritam,https://www.youtube.com/watch?v=Jpq9tm0gnTM,https://www.youtube.com/embed/Jpq9tm0gnTM,Jpq9tm0gnTM,1,0,1,0,1,0,1,,
146,Kya hua tera wada |ATIF ASLAM,https://www.youtube.com/watch?v=pBGq6vNHpMQ,https://www.youtube.com/embed/pBGq6vNHpMQ,pBGq6vNHpMQ,1,1,0,1,1,0,1,,
147,Tum Tak,https://www.youtube.com/watch?v=Wq1zDZ81YhU,https://www.youtube.com/embed/Wq1zDZ81YhU,Wq1zDZ81YhU,1,0,1,0,1,0,1,,
148,Tera Ghata,https://www.youtube.com/watch?v=mEMHF5W4zlY,https://www.youtube.com/embed/mEMHF5W4zlY,mEMHF5W4zlY,1,1,0,1,1,0,0,,
149,Ishq Wala Love Full Video - SOTY |Neeti Mohan,https://www.youtube.com/watch?v=VmH8tELQ3aE,https://www.youtube.com/embed/VmH8tELQ3aE,VmH8tELQ3aE,1,0,0,0,1,1,1,,
150,Kabira (Yeh Jawaani Hai Deewani)  Pritam,https://www.youtube.com/watch?v=jHNNMj5bNQw,https://www.youtube.com/embed/jHNNMj5bNQw,jHNNMj5bNQw,1,0,1,0,1,0,1,,
151,Chan Kitthan Song | Ayushmann | Rochak | Kumaar,https://www.youtube.com/watch?v=JFYCc577kjQ,https://www.youtube.com/embed/JFYCc577kjQ,JFYCc577kjQ,1,0,0,0,1,1,1,,
